datetime,duration_ms,duration_str,comment
2025-11-04T19:17:04,7250,00:00:07.250,Test 1
2025-11-04T19:17:39,8991,00:00:08.991,Test 2
2025-11-04T19:18:04,14987,00:00:14.987,Test 3
2025-11-04T19:33:16,4707,00:00:04.707,Test 3
2025-11-04T19:35:50,7029,00:00:07.029,test 4
2025-11-04T19:36:51,5499,00:00:05.499,Test 6
2025-11-04T19:38:38,8966,00:00:08.966,Test 5
2025-11-04T19:38:53,8095,00:00:08.095,
2025-11-04T19:41:40,9862,00:00:09.862,Test 7
2025-11-04T19:48:17,6361,00:00:06.361,Test 9
2025-11-04T19:50:54,8593,00:00:08.593,Тест
2025-11-04T19:52:14,2741,00:00:02.741,Test 5
2025-11-04T20:06:03,10054,00:00:10.054,
2025-11-04T20:06:14,6552,00:00:06.552,
2025-11-04T20:06:26,3509,00:00:03.509,
2025-11-04T20:06:51,9186,00:00:09.186,
2025-11-04T20:07:22,21229,00:00:21.229,
